<?xml version="1.0" encoding="UTF-8"?>
<project-private xmlns="http://www.netbeans.org/ns/project-private/1">
    <editor-bookmarks xmlns="http://www.netbeans.org/ns/editor-bookmarks/2" lastBookmarkId="0"/>
    <open-files xmlns="http://www.netbeans.org/ns/projectui-open-files/2">
        <group>
            <file>file:/C:/Users/MORRIS/Documents/NetBeansProjects/VeterinaryClinicSystem/src/ui/ReportPanel.java</file>
            <file>file:/C:/Users/MORRIS/Documents/NetBeansProjects/VeterinaryClinicSystem/src/ui/LoginFrame.java</file>
            <file>file:/C:/Users/MORRIS/Documents/NetBeansProjects/VeterinaryClinicSystem/src/ui/ManageCreditCardDialog.java</file>
            <file>file:/C:/Users/MORRIS/Documents/NetBeansProjects/VeterinaryClinicSystem/src/reportTemplates/TransactionDetail.jrxml</file>
            <file>file:/C:/Users/MORRIS/Documents/NetBeansProjects/VeterinaryClinicSystem/src/ui/ServicePanel.java</file>
            <file>file:/C:/Users/MORRIS/Documents/NetBeansProjects/VeterinaryClinicSystem/src/reportTemplates/ServiceSummary.jrxml</file>
            <file>file:/C:/Users/MORRIS/Documents/NetBeansProjects/VeterinaryClinicSystem/src/ui/GiftPanel.java</file>
            <file>file:/C:/Users/MORRIS/Documents/NetBeansProjects/VeterinaryClinicSystem/src/da/AppointmentDA.java</file>
            <file>file:/C:/Users/MORRIS/Documents/NetBeansProjects/VeterinaryClinicSystem/src/ui/StaffPanel.java</file>
            <file>file:/C:/Users/MORRIS/Documents/NetBeansProjects/VeterinaryClinicSystem/src/ui/DefaultPanel.java</file>
            <file>file:/C:/Users/MORRIS/Documents/NetBeansProjects/VeterinaryClinicSystem/src/ui/TransactionPanel.java</file>
            <file>file:/C:/Users/MORRIS/Documents/NetBeansProjects/VeterinaryClinicSystem/src/ui/CustomerPanel.java</file>
            <file>file:/C:/Users/MORRIS/Documents/NetBeansProjects/VeterinaryClinicSystem/src/ui/PaymentPanel.java</file>
            <file>file:/C:/Users/MORRIS/Documents/NetBeansProjects/VeterinaryClinicSystem/src/ui/MainMenu.java</file>
        </group>
    </open-files>
</project-private>
